{
    "q": [
        0.9285714285714286,
        0.9387755102040817
    ],
    "w": [
        0.9081632653061225,
        0.9591836734693877
    ],
    "e": [
        0.9285714285714286,
        0.9387755102040817
    ],
    "r": [
        0.9183673469387755,
        0.9489795918367347
    ],
    "t": [
        0.9081632653061225,
        0.9285714285714286
    ],
    "y": [
        0.9387755102040817,
        0.9489795918367347
    ],
    "u": [
        0.9387755102040817,
        0.9693877551020408
    ],
    "i": [
        0.9183673469387755,
        0.9387755102040817
    ],
    "o": [
        0.9183673469387755,
        0.9489795918367347
    ],
    "p": [
        0.9183673469387755,
        0.9591836734693877
    ],
    "a": [
        0.9183673469387755,
        0.9285714285714286
    ],
    "s": [
        0.9387755102040817,
        0.9489795918367347
    ],
    "d": [
        0.8775510204081632,
        0.9183673469387755
    ],
    "f": [
        0.8877551020408163,
        0.9183673469387755
    ],
    "g": [
        0.8775510204081632,
        0.9081632653061225
    ],
    "h": [
        0.9183673469387755,
        0.9285714285714286
    ],
    "j": [
        0.9183673469387755,
        0.9285714285714286
    ],
    "k": [
        0.9489795918367347,
        0.9489795918367347
    ],
    "l": [
        0.9183673469387755,
        0.9591836734693877
    ],
    "1": [
        0.9183673469387755,
        0.9183673469387755
    ],
    "z": [
        0.9489795918367347,
        0.9795918367346939
    ],
    "x": [
        0.9081632653061225,
        0.9183673469387755
    ],
    "c": [
        0.9081632653061225,
        0.9489795918367347
    ],
    "v": [
        0.9285714285714286,
        0.9387755102040817
    ],
    "b": [
        0.9183673469387755,
        0.9285714285714286
    ],
    "n": [
        0.8877551020408163,
        0.9081632653061225
    ],
    "m": [
        0.9591836734693877,
        0.9693877551020408
    ],
    ",": [
        0.8367346938775511,
        0.8775510204081632
    ],
    ".": [
        0.6938775510204082,
        0.7755102040816326
    ],
    "2": [
        0.7346938775510204,
        0.8061224489795918
    ],
    "3": [
        0.8673469387755102,
        0.9183673469387755
    ]
}