{"IMUTime": [4770.618196593, 4770.63208534, 4770.645974284, 4770.659863122, 4770.673752048, 4770.687640956, 4770.701529863, 4770.715418701, 4770.729307626, 4770.743196534, 4770.757085372, 4770.770974297, 4770.784863209, 4770.798752043, 4770.812640969, 4770.826529876, 4770.840418713, 4770.854307639, 4770.868196546, 4770.882085386, 4770.89597431, 4770.909863216, 4770.923752128, 4770.937640963, 4770.951529889, 4770.965418795, 4770.979305408, 4770.993194423, 4771.007083313, 4771.020972151, 4771.034861075, 4771.048749983, 4771.06263882, 4771.076527745, 4771.090416654, 4771.104305491, 4771.118194418, 4771.132083325, 4771.145972163, 4771.159861088, 4771.173749996, 4771.187638832, 4771.201527762, 4771.215416667, 4771.229305504, 4771.243194429, 4771.257083338, 4771.270972246, 4771.284861083, 4771.298750007, 4771.312638917, 4771.326527753, 4771.340416679, 4771.354305517, 4771.368194441, 4771.38208335, 4771.395972258, 4771.409861094, 4771.423750021, 4771.437638858, 4771.451527786, 4771.465416691, 4771.479305598, 4771.493194437, 4771.507083362, 4771.520972271, 4771.534861106, 4771.548750033, 4771.562638871, 4771.576527797, 4771.590416705, 4771.604305611, 4771.618194448, 4771.632083376, 4771.645972283], "Head_Z_direction": [[0.186055, -0.3438312, 0.9204149], [0.1854557, -0.3449827, 0.920105], [0.1845993, -0.3459362, 0.9199192], [0.1838441, -0.3465549, 0.9198375], [0.1834817, -0.3470921, 0.9197073], [0.1835903, -0.3470115, 0.9197161], [0.1838029, -0.3467418, 0.9197753], [0.1841063, -0.3463669, 0.9198559], [0.1837421, -0.346653, 0.9198209], [0.1830958, -0.3476758, 0.9195638], [0.1826652, -0.3485068, 0.9193348], [0.1821058, -0.3488912, 0.9193], [0.1818247, -0.3492775, 0.9192089], [0.1811194, -0.3491031, 0.9194144], [0.1803113, -0.3490408, 0.9195969], [0.179498, -0.3482606, 0.9200516], [0.1784442, -0.3482843, 0.9202476], [0.1778175, -0.3479855, 0.9204819], [0.1775268, -0.3472168, 0.9208283], [0.1772154, -0.346877, 0.9210163], [0.1766294, -0.3469419, 0.9211044], [0.1764015, -0.346717, 0.9212328], [0.1764333, -0.3465298, 0.9212971], [0.1763217, -0.3468022, 0.921216], [0.1764316, -0.3471499, 0.921064], [0.1763171, -0.3476033, 0.9209149], [0.1764065, -0.3477915, 0.9208267], [0.1765272, -0.3480687, 0.9206988], [0.1769975, -0.3482472, 0.920541], [0.1774969, -0.3486412, 0.9202957], [0.1776378, -0.3490495, 0.9201137], [0.1779879, -0.3490983, 0.9200275], [0.1780856, -0.3492696, 0.9199436], [0.1784188, -0.349542, 0.9197756], [0.1786306, -0.349795, 0.9196383], [0.1783251, -0.3499654, 0.9196328], [0.1773704, -0.3502683, 0.9197021], [0.176314, -0.350022, 0.9199989], [0.175843, -0.3503551, 0.9199623], [0.1753079, -0.3505213, 0.920001], [0.1750155, -0.3506766, 0.9199976], [0.1745894, -0.3509222, 0.9199849], [0.173707, -0.3508638, 0.9201741], [0.1731072, -0.3510355, 0.9202217], [0.1724982, -0.3514674, 0.9201712], [0.1721674, -0.3516061, 0.9201802], [0.1723901, -0.3515484, 0.9201605], [0.1722929, -0.3518277, 0.920072], [0.1720346, -0.351425, 0.9202742], [0.171571, -0.3510911, 0.9204882], [0.1709357, -0.3510012, 0.9206406], [0.1705592, -0.3512224, 0.9206261], [0.1701488, -0.3512936, 0.9206749], [0.1702105, -0.3511391, 0.9207224], [0.1698082, -0.3510297, 0.9208384], [0.1694387, -0.3509254, 0.9209462], [0.1689261, -0.350983, 0.9210184], [0.1685711, -0.3508438, 0.9211365], [0.1683421, -0.3509132, 0.9211519], [0.1683169, -0.3512384, 0.9210325], [0.1681845, -0.3513668, 0.9210078], [0.1679992, -0.3514159, 0.9210229], [0.1678073, -0.351362, 0.9210784], [0.1676905, -0.3515498, 0.9210281], [0.1676679, -0.351535, 0.9210378], [0.1674205, -0.351745, 0.9210026], [0.1675764, -0.351536, 0.9210541], [0.1676332, -0.35106, 0.9212253], [0.1674616, -0.3505141, 0.9214643], [0.1670239, -0.3499755, 0.9217485], [0.1669329, -0.349805, 0.9218296], [0.1669503, -0.348985, 0.9221372], [0.1670205, -0.3478794, 0.9225422], [0.1669805, -0.3468102, 0.9229519], [0.1667668, -0.3453953, 0.9235209]], "Head_position": [[0.05039337, 1.118624, 0.07794132], [0.05050139, 1.118741, 0.07837574], [0.05064101, 1.118764, 0.07873704], [0.05076797, 1.118785, 0.07904138], [0.05089378, 1.118836, 0.07924038], [0.05096917, 1.118966, 0.07936867], [0.05107475, 1.119034, 0.07960679], [0.05115375, 1.119033, 0.07978524], [0.05122885, 1.119033, 0.08003074], [0.05133663, 1.119036, 0.0802076], [0.05147804, 1.119027, 0.08029619], [0.05161879, 1.11901, 0.08034605], [0.05174633, 1.118994, 0.08041243], [0.05188586, 1.119006, 0.08045232], [0.05203655, 1.119004, 0.0804514], [0.0522165, 1.118999, 0.08035897], [0.05238314, 1.118955, 0.0802822], [0.05251725, 1.118912, 0.0802756], [0.05264677, 1.118897, 0.08030424], [0.05277275, 1.118904, 0.08034696], [0.05286075, 1.118912, 0.08034005], [0.05289349, 1.11893, 0.08019559], [0.05291633, 1.118953, 0.08003896], [0.05297393, 1.118992, 0.07999358], [0.05302626, 1.119044, 0.08000413], [0.05305411, 1.119096, 0.0800506], [0.05309596, 1.119144, 0.08003515], [0.05315034, 1.119193, 0.07993729], [0.05320374, 1.119256, 0.0798406], [0.05321352, 1.119316, 0.07984687], [0.05320889, 1.119393, 0.0798737], [0.05321456, 1.11949, 0.07989857], [0.05320441, 1.11955, 0.07982754], [0.0531934, 1.119609, 0.07970566], [0.05319801, 1.119676, 0.07962359], [0.05324447, 1.119759, 0.07962207], [0.05333854, 1.119828, 0.07963872], [0.05345077, 1.11988, 0.07964629], [0.05352113, 1.119847, 0.07951403], [0.05356681, 1.119832, 0.07937673], [0.05362801, 1.119868, 0.07932079], [0.05369406, 1.119927, 0.07928335], [0.05376641, 1.120001, 0.0792446], [0.05387313, 1.120051, 0.07920033], [0.05399882, 1.120039, 0.07911384], [0.05410565, 1.120022, 0.07901642], [0.05413313, 1.120057, 0.07894749], [0.05414789, 1.120067, 0.07886701], [0.05416804, 1.120089, 0.07879196], [0.0542175, 1.12006, 0.07867526], [0.05428686, 1.119993, 0.07852378], [0.05434881, 1.119957, 0.07838529], [0.05435921, 1.119992, 0.07831477], [0.05436095, 1.120025, 0.07823683], [0.05434369, 1.120068, 0.07814731], [0.05430162, 1.120059, 0.07798621], [0.05425657, 1.120044, 0.07781769], [0.05422667, 1.120054, 0.07770419], [0.05420075, 1.120096, 0.07765426], [0.05415577, 1.120129, 0.07759729], [0.05410908, 1.120166, 0.07754968], [0.05412237, 1.120125, 0.07745905], [0.05415385, 1.120089, 0.07737295], [0.05417703, 1.120102, 0.07732681], [0.05418378, 1.120147, 0.07733431], [0.05416843, 1.120171, 0.07734156], [0.05417372, 1.120162, 0.07734059], [0.05423688, 1.120097, 0.0773275], [0.05431867, 1.120021, 0.07731605], [0.05436318, 1.119989, 0.07734078], [0.05440038, 1.119956, 0.07739109], [0.0544337, 1.119926, 0.07743837], [0.05446513, 1.119837, 0.07746084], [0.05450481, 1.119669, 0.07744824], [0.05455571, 1.119476, 0.07743552]],