{
    "amazon1": [
        0.9254658385093169,
        0.9440993788819876
    ],
    "bing1": [
        0.8700000000000001,
        0.8800000000000001
    ],
    "chatgpt1": [
        0.875,
        0.9144736842105263
    ],
    "facebook1": [
        0.8080808080808083,
        0.8686868686868686
    ],
    "google1": [
        0.8666666666666667,
        0.9142857142857143
    ],
    "instagram1": [
        0.8750000000000001,
        0.9062500000000001
    ],
    "reddit1": [
        0.8843537414965987,
        0.9115646258503401
    ],
    "whatsapp1": [
        0.8388888888888891,
        0.8888888888888891
    ],
    "x1": [
        0.9545454545454546,
        0.9545454545454546
    ],
    "youtube1": [
        0.9671052631578947,
        0.9671052631578947
    ]
}