{
    "able": [
        0.9333333333333333,
        0.9333333333333333
    ],
    "at": [
        1.0,
        1.0
    ],
    "big": [
        0.9473684210526315,
        0.9473684210526315
    ],
    "card": [
        0.96875,
        0.96875
    ],
    "dirty": [
        0.9894736842105264,
        0.9894736842105264
    ],
    "easily": [
        0.8846153846153848,
        0.8846153846153848
    ],
    "fashion": [
        0.9761904761904763,
        0.9761904761904763
    ],
    "grateful": [
        0.96875,
        0.96875
    ],
    "honeymoon": [
        0.8686868686868688,
        0.9393939393939394
    ],
    "instrument": [
        0.9066666666666666,
        0.9266666666666666
    ],
    "just": [
        0.9821428571428571,
        0.9821428571428571
    ],
    "keyboard": [
        0.8482142857142857,
        0.8482142857142857
    ],
    "leave": [
        0.9,
        0.9
    ],
    "mathematics": [
        0.9454545454545453,
        0.9545454545454545
    ],
    "misunderstanding": [
        0.7980769230769231,
        0.8846153846153846
    ],
    "neighbourhood": [
        0.8736263736263737,
        0.9450549450549451
    ],
    "office": [
        1.0,
        1.0
    ],
    "police": [
        0.858974358974359,
        0.858974358974359
    ],
    "qualification": [
        0.9846153846153847,
        0.9923076923076923
    ],
    "radio": [
        0.975,
        0.975
    ]
}