{"look_down": [17059.914570994], "look_up": [17058.192348607], "stare": [[17058.8729042, 17058.928459778], [17059.011793143, 17059.081237631], [17059.122904301, 17059.178459802], [17059.261793223, 17059.359015392], [17059.42845993, 17059.803459958], [17060.984013477, 17061.053457981], [17061.150678077, 17061.650678127], [17061.664567033, 17062.053455979], [17062.067344818, 17062.73401162], [17062.761789369, 17062.845122778], [17063.275676238, 17064.414565241], [17064.484009674, 17064.636787503], [17064.928454215, 17065.025676376], [17065.067343135, 17065.192340993], [17065.206229831, 17065.553452175], [17065.567341013, 17065.803452252], [17065.859007779, 17066.122896711], [17066.136785618, 17066.400670244], [17066.747892498, 17066.845114695], [17066.928448036, 17067.081225901], [17067.095114721, 17068.095114872], [17068.49789059, 17069.053446198], [17069.150668466, 17069.234001808], [17069.247890716, 17069.789557419], [17070.122890855, 17070.692333308], [17070.706222055, 17070.900666609], [17070.928444284, 17071.511777796], [17071.984000083, 17072.761777973], [17072.775666813, 17072.928444657], [17072.942333566, 17073.025666836], [17073.039555766, 17073.09511136], [17073.109000248, 17073.192333591], [17073.553442618, 17073.636775889], [17073.67844263, 17074.858998233], [17075.414554005, 17075.650665118], [17075.678442934, 17075.761776276], [17075.775665113, 17076.233998562], [17076.261776325, 17076.483994278], [17076.497883185, 17076.678438705], [17076.997883165, 17077.136772154], [17077.150660996, 17077.220105496], [17077.233994404, 17077.747881207], [17077.761770046, 17078.317325813], [17079.261770334, 17079.428436981], [17079.442325909, 17079.553437013], [17079.595103683, 17079.845103691], [17079.858992615, 17080.16454822], [17080.483990575, 17080.595101682], [17080.608990589, 17081.483990732], [17081.497879565, 17081.706212918], [17081.720101846, 17081.789546331], [17082.122879698, 17082.567324221], [17082.581213058, 17083.51176671], [17083.831211082, 17083.900655585], [17083.914544492, 17084.122877848], [17084.136766684, 17084.775655724], [17084.789544562, 17085.233989103], [17085.622878048, 17085.720100296], [17085.761766969, 17086.706211561], [17086.720100379, 17086.858989298], [17087.331211657, 17087.386767165], [17087.414544945, 17087.720100602], [17087.73398944, 17087.87287836], [17087.886767285, 17088.178433962], [17088.192322887, 17088.497878492], [17088.511767399, 17088.622878504], [17089.150656386, 17089.761765352], [17089.775654276, 17090.2200988], [17090.233987639, 17090.386765465], [17090.747876664, 17090.831210025], [17090.900654352, 17091.664543476], [17091.678432367, 17091.997876825], [17092.011765749, 17092.067321275], [17092.595094813, 17093.70620614], [17094.400650689, 17094.470095052], [17094.622872949, 17094.747872981], [17094.761761799, 17094.886761812], [17094.997872988, 17095.664537618], [17095.942315406, 17096.178426577], [17096.261759936, 17096.747873196], [17096.761762122, 17096.928428786], [17096.970095479, 17097.192317719], [17097.650649015, 17098.108982394], [17098.1228713, 17098.942315862], [17099.428427057, 17099.59509381], [17099.622871483, 17100.63675841], [17101.0256473, 17101.081202931], [17101.095091769, 17101.247869614], [17101.261758451, 17101.400647373], [17101.414536298, 17102.3173142], [17102.664536456, 17102.803425398], [17102.831203139, 17102.914536481], [17102.928425335, 17103.928425558], [17103.942314467, 17104.067314479], [17104.428425734, 17105.483981267], [17105.497870195, 17105.789536943], [17106.095092546, 17106.178425886], [17106.261759229, 17106.34509255], [17106.400648149, 17107.456203879], [17107.789535073, 17109.053424175], [17109.525646463, 17109.581202042], [17109.595090877, 17110.095090998], [17110.108979835, 17110.664535534], [17110.6784243, 17110.858977827], [17111.400644599, 17111.497866778], [17111.553422444, 17111.706200202], [17111.747866873, 17112.206200183], [17112.247866853, 17112.442311422], [17112.456200259, 17112.608978105], [17113.247867074, 17113.317311509], [17113.414533757, 17113.511756006], [17113.539533752, 17114.414531754]]}