{"look_down": [4771.65986119], "look_up": [4769.673749723], "stare": [[4770.673752048, 4770.729307626], [4770.89597431, 4771.007083313], [4771.020972151, 4771.104305491], [4771.229305504, 4771.284861083], [4771.312638917, 4771.548750033], [4773.187639218, 4773.243194691], [4773.743194698, 4773.826528177], [4774.729303832, 4774.798748316], [4774.86819283, 4774.951526198], [4775.507081797, 4775.632081828], [4775.701526244, 4775.798748469], [4775.965415228, 4776.020970732], [4776.034859662, 4776.159861833], [4776.18763957, 4776.284861819], [4777.145975204, 4777.326530741], [4778.257086535, 4778.354308707], [4778.368197641, 4778.437642074], [4779.104308879, 4779.159864438], [4779.215420017, 4779.312642191], [4779.340419995, 4779.395975555], [4779.423753372, 4779.562642293], [4779.576531122, 4779.632086726], [4779.645975554, 4779.715420067], [4779.743197807, 4779.882086675], [4779.923753397, 4779.979309002], [4779.993197907, 4780.090420103], [4780.132084596, 4780.201529035], [4780.215417914, 4780.312640189], [4780.326529136, 4780.395973552]]}