{"IMUTime": [4773.208472511, 4773.777916970333, 4774.836627139454, 4775.906388240445, 4777.2293085724605, 4778.339262448417, 4779.761330052001], "Head_Z_direction": [[0.20322937500000002, 0.256963875, 0.9448106000000001], [0.21161581666666665, 0.26840368333333336, 0.9397755666666666], [0.28034773636363636, 0.2791728363636363, 0.9184018454545455], [0.22842205277777783, 0.29159082222222216, 0.9288641555555556], [0.10518534615384614, 0.2682935307692308, 0.9575773153846155], [0.07715476333333333, 0.2677852583333334, 0.9603839666666666], [0.034845098888888884, 0.2996997597222223, 0.9533866791666666]], "Head_position": [[0.0630745375, 1.04507825, 0.08471049], [0.058701031666666674, 1.0425751666666667, 0.08951116666666666], [0.051025353636363645, 1.0302033636363634, 0.12857975454545453], [0.06017573305555557, 1.0264906388888888, 0.13030611388888888], [0.09379933692307693, 1.032132, 0.13091564615384615], [0.10306453333333333, 1.0307741666666668, 0.13310106666666668], [0.11094029444444445, 1.0228351111111114, 0.13472529861111116]], "Head_orientation": [[-0.1372308, 0.09360727999999999, -0.069500155, 0.9836539249999999], [-0.1434714, 0.09761224333333333, -0.06909709833333334, 0.9824018333333333], [-0.1524796181818182, 0.13246795454545454, -0.07066651363636364, 0.9768350818181818], [-0.15686211388888885, 0.10468567222222223, -0.07459666083333334, 0.9792164805555557], [-0.13978463846153846, 0.040884183076923084, -0.08802711076923077, 0.9854136076923076], [-0.13838688333333335, 0.025628994999999998, -0.09627840249999998, 0.9853539916666666], [-0.15263856111111107, 0.0018093712222222223, -0.10249695138888888, 0.9829483041666669]]}