{"IMUTime": [17061.941215739495, 17063.922779051096, 17065.671073175887, 17067.453911101, 17069.139067153697, 17070.80960139399, 17072.563317411386, 17074.21736209802, 17076.04184028219, 17077.65986835676, 17079.71547407025, 17081.12547415899, 17082.812834695083, 17084.533592171814, 17086.24608075116, 17087.978880950286, 17089.756497745308, 17091.42164569009, 17093.143706033276, 17095.885749549932, 17098.291500535164, 17100.03561661507, 17101.678579530737, 17103.369003924494, 17105.098099257517, 17106.824890625874, 17108.41453516619, 17110.18768339255, 17112.019431209905, 17113.87582882664], "Head_Z_direction": [[0.2192666479674798, 0.06907351658536585, 0.973207251219512], [0.18958738494623664, 0.07712230946236559, 0.9788298215053759], [0.15865208437500003, 0.07876386333333332, 0.9841872], [0.12468986999999995, 0.08157143655555558, 0.9888349699999999], [0.08461740282352939, 0.08305024199999998, 0.9929451482352941], [0.05384915092783504, 0.0837195949484536, 0.9950327587628867], [0.011441434843373495, 0.08667311650602409, 0.9961707783132533], [-0.023628557692307695, 0.0877375252747253, 0.995862254945055], [-0.06095331576470588, 0.09240368835294117, 0.9938534952941174], [-0.09501881119565217, 0.09371018239130435, 0.9910528586956524], [0.2012380816666667, 0.13228814000000003, 0.9705611616666666], [0.16492276813186812, 0.13119913076923076, 0.9775402164835163], [0.1327613292929293, 0.1332155727272727, 0.9821541909090904], [0.098194897755102, 0.13421045612244895, 0.9860747897959182], [0.061630338000000014, 0.13519129176470587, 0.9888992494117644], [0.031013267471264365, 0.1365720551724138, 0.9901421045977009], [0.0007847698275862068, 0.13901676551724138, 0.9902892609195402], [-0.03431467693181819, 0.14007036818181817, 0.9895460795454544], [-0.07476730575000001, 0.14151907375, 0.9871057074999998], [0.18673142384105967, 0.17622165231788073, 0.9663357847682118], [0.13528948478260872, 0.17646872173913036, 0.9749630217391302], [0.10379113176470582, 0.17886651294117645, 0.9783831164705882], [0.06433119522222222, 0.18045800555555552, 0.9814739199999999], [0.02733566041237113, 0.18049513917525783, 0.9831950350515458], [-0.0017862219484536086, 0.17985933917525773, 0.9836898412371138], [-0.03596207238636365, 0.18071777727272734, 0.9828758727272727], [-0.07227952417582416, 0.18165705274725277, 0.9807014999999999], [-0.1067945440860215, 0.1820606, 0.9774699311827956], [0.05397068394736842, 0.21937263026315793, 0.9741430907894739], [-0.12616823733333335, 0.14830285466666668, 0.9808578693333332]], "Head_position": [[0.008674606276422766, 1.1458187073170734, -0.0969800092682927], [0.01342606311827957, 1.1450115591397845, -0.09831884946236558], [0.022314775625, 1.1447335937500007, -0.09997264864583331], [0.031158598444444453, 1.1446486888888892, -0.0990086061111111], [0.040324584, 1.1447017058823532, -0.09942381294117644], [0.04730756371134019, 1.1449954226804124, -0.09861858381443303], [0.05653436253012048, 1.144555578313253, -0.09907608807228914], [0.06331602010989011, 1.1449468681318682, -0.09758255285714286], [0.07213806094117647, 1.144829376470588, -0.0956904552941177], [0.08194455054347828, 1.1449154239130428, -0.09306135391304349], [0.01626329266666667, 1.1355973666666663, -0.10021418450000004], [0.024535534835164845, 1.1361799450549455, -0.10001984208791213], [0.03256994272727274, 1.1364310707070706, -0.10003514000000002], [0.04117093846938774, 1.1365512346938775, -0.09974468642857146], [0.04954869505882353, 1.1365381764705886, -0.09931201776470591], [0.059857951839080464, 1.1364926091954017, -0.09878903827586205], [0.06841933379310347, 1.136685885057471, -0.09790826494252873], [0.07718242465909089, 1.1365259431818178, -0.0976759232954545], [0.085691835875, 1.1365517749999998, -0.09639318699999999], [0.016311547814569536, 1.127849960264901, -0.10363450331125829], [0.02952506108695652, 1.1283151086956524, -0.10379017826086956], [0.036697096117647064, 1.1277434941176476, -0.10530155294117648], [0.04723961099999997, 1.1278426666666665, -0.10488529333333332], [0.056394575876288676, 1.1280113402061855, -0.10544315463917521], [0.06603368742268041, 1.1283961855670104, -0.10392787731958766], [0.07477136124999999, 1.1283926136363631, -0.10310328295454547], [0.08361225142857143, 1.1284039450549448, -0.10173499670329668], [0.09148550322580645, 1.1288606344086018, -0.09964509333333332], [0.05227514157894736, 1.119743394736842, -0.11025647631578947], [0.09421234159999997, 1.1356236266666668, -0.0950478174666667]], "Head_orientation": [[-0.033482561463414634, 0.11077338373983733, 0.01157048835772358, 0.9932116902439021], [-0.037236415376344076, 0.09590756483870969, 0.015920639032258058, 0.9945657602150536], [-0.03834495510416667, 0.08022251822916664, 0.014868638437500003, 0.9959274197916667], [-0.040111704777777764, 0.06302821799999998, 0.012524074666666666, 0.9971259977777777], [-0.04106782588235293, 0.04289814894117646, 0.01243213917647059, 0.9981570376470591], [-0.04154562216494845, 0.027519065463917518, 0.013427703917525773, 0.9986670896907215], [-0.04328783927710843, 0.006373145698795181, 0.014912797590361447, 0.9989307999999998], [-0.044132777912087896, -0.010982990000000003, 0.019139194175824176, 0.998781620879121], [-0.04676948352941175, -0.0297571174117647, 0.01644931564705882, 0.9983266035294114], [-0.04750092521739131, -0.04707673630434783, 0.011396699239130436, 0.997695572826087], [-0.06621822233333333, 0.10164187283333331, 0.004089208166666667, 0.9926045516666664], [-0.0655980743956044, 0.08322353692307692, 0.004463250692307694, 0.9943591340659336], [-0.0666107806060606, 0.06697464737373737, 0.004412726606060606, 0.9955187070707066], [-0.06715928346938775, 0.04951544153061226, 0.00364638451020408, 0.9965058020408164], [-0.06766264752941177, 0.03116670964705883, 0.003912614670588236, 0.9972131023529416], [-0.06845114701149425, 0.015563250689655169, 0.00026871208045977014, 0.9975322367816095], [-0.06967838356321839, 0.0002402464942528735, -0.0021898343793103443, 0.9975667793103445], [-0.07016794681818182, -0.017408758863636364, -0.002932345795454545, 0.9973787068181816], [-0.07095975674999998, -0.037559621500000015, -0.0007705482875, 0.9967709075000002], [-0.08810098589403977, 0.09487957377483447, 0.007977330827814566, 0.9915150715231792], [-0.08830944021739129, 0.06869687086956519, 0.007013268869565217, 0.993696183695652], [-0.08960467588235295, 0.05271890964705883, 0.005989906670588232, 0.9945628058823528], [-0.09055652555555557, 0.032576988222222214, 0.0028719609222222233, 0.9953534655555556], [-0.09060100144329898, 0.013910525154639178, 0.0020309995463917525, 0.9957876597938145], [-0.09029735855670101, -0.0010063233092783507, -0.0012072888247422683, 0.9959133721649488], [-0.09071586988636361, -0.018218478181818185, -0.0017545238409090906, 0.9957080704545457], [-0.09115594802197804, -0.036601058901098917, -0.0031136061868131865, 0.9951579736263737], [-0.09122719408602155, -0.054242628387096786, -0.0058975113655914, 0.9943340258064516], [-0.11048685263157894, 0.02681987118421052, -0.0030742460263157895, 0.9935092789473686], [-0.07440846546666668, -0.0635070396, -0.00157895868, 0.9952014200000002]]}