{"IMUTime": [17058.831237529, 17058.845126461, 17058.859015368, 17058.8729042, 17058.886793137, 17058.900682041, 17058.914570948, 17058.928459778, 17058.942348712, 17058.956237617, 17058.970126447, 17058.984015383, 17058.997904213, 17059.011793143, 17059.025682052, 17059.03957096, 17059.053459713, 17059.067348748, 17059.081237631, 17059.095126461, 17059.109015393, 17059.122904301, 17059.136793131, 17059.150682066, 17059.164570974, 17059.178459802, 17059.192348737, 17059.206237645, 17059.220126475, 17059.234015409, 17059.247904312, 17059.261793223, 17059.275682051, 17059.289570985, 17059.303459891, 17059.317348721, 17059.331237655, 17059.345126563, 17059.359015392, 17059.372904327, 17059.386793233, 17059.400682065, 17059.41457092, 17059.42845993, 17059.44234866, 17059.45623769, 17059.470126574, 17059.484015406, 17059.497904356, 17059.511793193, 17059.52568212, 17059.539571026, 17059.553459918, 17059.567348783, 17059.581237626, 17059.595126553, 17059.609015461, 17059.622904369, 17059.636793276, 17059.650682112, 17059.664571038, 17059.678459947, 17059.692348783, 17059.70623771, 17059.720126617, 17059.734015455, 17059.74790438, 17059.761793291, 17059.775682125, 17059.789571051, 17059.803459958, 17059.817348796, 17059.831237722, 17059.845126631, 17059.859015466, 17059.872904393, 17059.886793302, 17059.900682138], "Head_Z_direction": [[0.1046094, -0.2132555, 0.9713799], [0.1042621, -0.2142915, 0.9711893], [0.1041524, -0.2156073, 0.9709098], [0.1037404, -0.2167042, 0.9707096], [0.1034146, -0.216678, 0.9707503], [0.1029865, -0.2164669, 0.9708429], [0.1026893, -0.2163011, 0.9709113], [0.1026017, -0.2165613, 0.9708626], [0.1023437, -0.2174132, 0.9706994], [0.1018052, -0.2176885, 0.9706943], [0.1012865, -0.2177714, 0.9707299], [0.1012687, -0.2174134, 0.9708121], [0.1009817, -0.2170925, 0.9709138], [0.100542, -0.2166724, 0.9710532], [0.1003974, -0.2163652, 0.9711367], [0.1005168, -0.2165885, 0.9710746], [0.1008341, -0.2165489, 0.9710505], [0.100867, -0.216415, 0.9710769], [0.100844, -0.2167363, 0.9710076], [0.1002237, -0.2164777, 0.9711295], [0.09967604, -0.2165474, 0.9711704], [0.09913521, -0.216111, 0.971323], [0.09884696, -0.2158997, 0.9713993], [0.09850329, -0.215931, 0.9714273], [0.09830399, -0.2161567, 0.9713973], [0.09805786, -0.2166198, 0.971319], [0.09747875, -0.2168016, 0.9713367], [0.09700383, -0.2164668, 0.9714589], [0.09644084, -0.2166692, 0.9714698], [0.09663483, -0.2170603, 0.9713632], [0.09641569, -0.2166961, 0.9714663], [0.09665897, -0.2172713, 0.9713137], [0.09679895, -0.2175229, 0.9712434], [0.09701417, -0.2171231, 0.9713114], [0.09725154, -0.2166717, 0.9713885], [0.09728156, -0.2163439, 0.9714585], [0.09724958, -0.2163058, 0.9714702], [0.09709067, -0.2163481, 0.9714767], [0.09696624, -0.2161362, 0.9715362], [0.09716077, -0.2153866, 0.9716833], [0.09707192, -0.2150279, 0.9717716], [0.09725139, -0.2146349, 0.9718406], [0.09780966, -0.2147435, 0.9717605], [0.09836772, -0.2142774, 0.9718071], [0.09878275, -0.2141734, 0.9717879], [0.09897905, -0.2139177, 0.9718242], [0.09904785, -0.2139365, 0.9718131], [0.09892794, -0.2140619, 0.9717977], [0.09885158, -0.2142335, 0.9717677], [0.09862513, -0.2141293, 0.9718136], [0.098718, -0.2138329, 0.9718695], [0.09899139, -0.2135383, 0.9719064], [0.09905978, -0.2135582, 0.9718951], [0.09892557, -0.2135717, 0.9719058], [0.09883387, -0.2134179, 0.9719489], [0.09876407, -0.2132227, 0.9719989], [0.09855178, -0.2127447, 0.9721251], [0.09826301, -0.2125275, 0.9722019], [0.09822633, -0.2124197, 0.9722291], [0.09791966, -0.2123663, 0.9722717], [0.09771176, -0.2123728, 0.9722912], [0.09767152, -0.2122804, 0.9723154], [0.09768491, -0.2118103, 0.9724166], [0.09776016, -0.2116914, 0.9724349], [0.09770976, -0.2119397, 0.9723859], [0.09742557, -0.2117011, 0.9724664], [0.09736255, -0.2114938, 0.9725178], [0.09728283, -0.2112684, 0.9725748], [0.09750801, -0.2114124, 0.9725209], [0.09778197, -0.2118262, 0.9724034], [0.09796931, -0.211894, 0.9723697], [0.09832462, -0.2114526, 0.97243], [0.09858609, -0.2103304, 0.9726468], [0.09876381, -0.2098791, 0.9727263], [0.09896429, -0.2093552, 0.9728189], [0.09907814, -0.2089994, 0.9728838], [0.09922661, -0.2081449, 0.9730518], [0.09952364, -0.2069921, 0.9732673]], "Head_position": [[0.03675457, 1.195677, -0.03951126], [0.03681116, 1.195864, -0.03919913], [0.036885, 1.196015, -0.03899262], [0.0369848, 1.196131, -0.0387667], [0.03709759, 1.196245, -0.03854097], [0.03719861, 1.19629, -0.03833795], [0.03730189, 1.196364, -0.03809414], [0.03741377, 1.196357, -0.03795138], [0.03751233, 1.196388, -0.03787778], [0.03760726, 1.19646, -0.03784234], [0.03771387, 1.196491, -0.03790106], [0.03785455, 1.19651, -0.03803328], [0.03797519, 1.196484, -0.03813697], [0.03803025, 1.196432, -0.03813863], [0.03807288, 1.196412, -0.03811292], [0.0380916, 1.196403, -0.03807504], [0.03809889, 1.196422, -0.03803992], [0.03810059, 1.196439, -0.03799667], [0.0381082, 1.196452, -0.03794382], [0.03816672, 1.19648, -0.03799079], [0.03824155, 1.196486, -0.0380315], [0.0382827, 1.196496, -0.03799374], [0.03830808, 1.196525, -0.03790881], [0.03833742, 1.196563, -0.03784279], [0.03836193, 1.196604, -0.03775912], [0.0383862, 1.196653, -0.03766819], [0.03841416, 1.19672, -0.03758878], [0.03843483, 1.196731, -0.03753239], [0.03841614, 1.196678, -0.0375988], [0.03838741, 1.19666, -0.03772294], [0.03834613, 1.1967, -0.03769333], [0.03833286, 1.196765, -0.03764704], [0.03830497, 1.196814, -0.03757106], [0.0382589, 1.196839, -0.03748236], [0.03821344, 1.196836, -0.03740422], [0.03816078, 1.196814, -0.03735051], [0.0380858, 1.196774, -0.03738163], [0.03798746, 1.196733, -0.03748574], [0.03786992, 1.196693, -0.03757972], [0.03780341, 1.196677, -0.0375669], [0.03771744, 1.196658, -0.03755128], [0.03763009, 1.196648, -0.03753522], [0.03753293, 1.196633, -0.03750211], [0.03741394, 1.196628, -0.03744811], [0.03729558, 1.196618, -0.03741774], [0.03712152, 1.19652, -0.03754991], [0.03695711, 1.196422, -0.03771339], [0.03688689, 1.196414, -0.03773347], [0.03686873, 1.196451, -0.03770566], [0.0368292, 1.196481, -0.03767838], [0.03678875, 1.19649, -0.03766033], [0.03674398, 1.19649, -0.03764419], [0.03670363, 1.196494, -0.03762486], [0.03668475, 1.196488, -0.03763489], [0.03664376, 1.196404, -0.03772277], [0.03660885, 1.196318, -0.03781457], [0.03662101, 1.196299, -0.03780865], [0.03664355, 1.19628, -0.03780083], [0.03669751, 1.19628, -0.037802], [0.03674791, 1.19628, -0.03779241], [0.03680207, 1.196255, -0.0377791], [0.03685872, 1.196216, -0.03777426], [0.03687797, 1.196154, -0.03790644], [0.03689767, 1.19609, -0.03803992], [0.03693675, 1.196023, -0.03818105], [0.03700399, 1.196032, -0.03820805], [0.03707466, 1.196026, -0.0382242], [0.03712117, 1.196025, -0.03823209], [0.03716131, 1.196011, -0.03822659], [0.03720155, 1.196012, -0.03822099], [0.03721227, 1.195986, -0.03821957], [0.03715525, 1.195852, -0.03828776], [0.03708957, 1.195693, -0.0383647], [0.0370941, 1.195601, -0.03837417], [0.0371082, 1.195517, -0.03840364], [0.03711947, 1.195425, -0.03845181], [0.03712259, 1.195326, -0.03852114], [0.03710702, 1.195188, -0.03859544]],